[{"@type":"dssTask","id":"@1","name":"Synchronization Task3","description":"","maxLogs":10,"sourceConnectionId":"@3z1arEYI2B7lUTcR23QcW5","targetConnectionId":"@3z1arEYI2B7lUTcR23QcW5","targetObject":"EMPLOYEES_TGT2","targetObjectLabel":"EMPLOYEES_TGT2","operation":"Insert","maxRows":0,"truncateTarget":false,"bulkApiDBTarget":false,"verbose":false,"targetMetadataUpdated":false,"modelVersion":"V3-R600","queryAll":false,"srcSettings":{"@type":"taskDataSourceSetting","isShowLabels":false,"isNaturalOrder":true},"tgtSettings":{"@type":"taskDataSourceSetting","isShowLabels":false,"isNaturalOrder":true},"cfSettings":{"@type":"taskDataSourceSetting","isShowLabels":false,"isNaturalOrder":false},"bulkApi":false,"bulkApiSerialMode":false,"bulkApiMonitor":false,"isTargetObjectSfCustom":false,"allowNullUpdates":false,"targetBatchSize":200,"assignmentRuleId":"-1","assignmentRuleType":"None","createSuccessFile":false,"bulkApiHardDelete":false,"srcRuntimeAttrs":{"@type":"taskRuntimeAttrs","attrs":{}},"tgtRuntimeAttrs":{"@type":"taskRuntimeAttrs","attrs":{}},"parameterFileEncoding":"UTF-8","serverlessProperties":{},"sourceObjects":[{"@type":"mObject","name":"EMPLOYEES_NEW","label":"EMPLOYEES_NEW","metadataUpdated":false,"relations":[],"children":[]}],"advancedFilters":[],"filters":[],"fieldMaps":[{"@type":"fieldMap","id":"39135315","targetField":{"@type":"field","id":104156968,"name":"EMPNO","type":"decimal","uniqueName":"EMPNO","label":"EMPNO","parentObject":"EMPLOYEES_TGT2","pcType":"HIPRECDECIMAL","precision":38,"scale":0,"columnIndex":0,"isKey":false,"isWaterMarkKey":false,"isExternalId":false,"isSfIdLookup":false,"isNullable":true,"isUnique":false,"isCreateable":false,"isUpdateable":true,"isFilterable":true,"isCalculated":false,"showLabel":false,"naturalOrder":0,"linkedFields":["EMPNO"],"relatedInfos":[],"references":[]},"expression":"EMPNO"},{"@type":"fieldMap","id":"39135316","targetField":{"@type":"field","id":104156969,"name":"ENAME","type":"varchar","uniqueName":"ENAME","label":"ENAME","parentObject":"EMPLOYEES_TGT2","pcType":"STRING","precision":50,"scale":0,"columnIndex":1,"isKey":false,"isWaterMarkKey":false,"isExternalId":false,"isSfIdLookup":false,"isNullable":true,"isUnique":false,"isCreateable":false,"isUpdateable":true,"isFilterable":true,"isCalculated":false,"showLabel":false,"naturalOrder":1,"linkedFields":["ENAME"],"relatedInfos":[],"references":[]},"expression":"ENAME"},{"@type":"fieldMap","id":"39135317","targetField":{"@type":"field","id":104156970,"name":"JOB","type":"varchar","uniqueName":"JOB","label":"JOB","parentObject":"EMPLOYEES_TGT2","pcType":"STRING","precision":50,"scale":0,"columnIndex":2,"isKey":false,"isWaterMarkKey":false,"isExternalId":false,"isSfIdLookup":false,"isNullable":true,"isUnique":false,"isCreateable":false,"isUpdateable":true,"isFilterable":true,"isCalculated":false,"showLabel":false,"naturalOrder":2,"linkedFields":["JOB"],"relatedInfos":[],"references":[]},"expression":"JOB"},{"@type":"fieldMap","id":"39135318","targetField":{"@type":"field","id":104156971,"name":"MGR","type":"decimal","uniqueName":"MGR","label":"MGR","parentObject":"EMPLOYEES_TGT2","pcType":"HIPRECDECIMAL","precision":38,"scale":0,"columnIndex":3,"isKey":false,"isWaterMarkKey":false,"isExternalId":false,"isSfIdLookup":false,"isNullable":true,"isUnique":false,"isCreateable":false,"isUpdateable":true,"isFilterable":true,"isCalculated":false,"showLabel":false,"naturalOrder":3,"linkedFields":["MGR"],"relatedInfos":[],"references":[]},"expression":"MGR"},{"@type":"fieldMap","id":"39135319","targetField":{"@type":"field","id":104156972,"name":"HIREDATE","type":"varchar","uniqueName":"HIREDATE","label":"HIREDATE","parentObject":"EMPLOYEES_TGT2","pcType":"STRING","precision":50,"scale":0,"columnIndex":4,"isKey":false,"isWaterMarkKey":false,"isExternalId":false,"isSfIdLookup":false,"isNullable":true,"isUnique":false,"isCreateable":false,"isUpdateable":true,"isFilterable":true,"isCalculated":false,"showLabel":false,"naturalOrder":4,"linkedFields":["HIREDATE"],"relatedInfos":[],"references":[]},"expression":"HIREDATE"},{"@type":"fieldMap","id":"39135320","targetField":{"@type":"field","id":104156973,"name":"SAL","type":"decimal","uniqueName":"SAL","label":"SAL","parentObject":"EMPLOYEES_TGT2","pcType":"HIPRECDECIMAL","precision":38,"scale":0,"columnIndex":5,"isKey":false,"isWaterMarkKey":false,"isExternalId":false,"isSfIdLookup":false,"isNullable":true,"isUnique":false,"isCreateable":false,"isUpdateable":true,"isFilterable":true,"isCalculated":false,"showLabel":false,"naturalOrder":5,"linkedFields":["SAL"],"relatedInfos":[],"references":[]},"expression":"SAL"},{"@type":"fieldMap","id":"39135321","targetField":{"@type":"field","id":104156974,"name":"COMM","type":"decimal","uniqueName":"COMM","label":"COMM","parentObject":"EMPLOYEES_TGT2","pcType":"HIPRECDECIMAL","precision":38,"scale":0,"columnIndex":6,"isKey":false,"isWaterMarkKey":false,"isExternalId":false,"isSfIdLookup":false,"isNullable":true,"isUnique":false,"isCreateable":false,"isUpdateable":true,"isFilterable":true,"isCalculated":false,"showLabel":false,"naturalOrder":6,"linkedFields":["COMM"],"relatedInfos":[],"references":[]},"expression":"COMM"},{"@type":"fieldMap","id":"39135322","targetField":{"@type":"field","id":104156975,"name":"DEPTNO","type":"decimal","uniqueName":"DEPTNO","label":"DEPTNO","parentObject":"EMPLOYEES_TGT2","pcType":"HIPRECDECIMAL","precision":38,"scale":0,"columnIndex":7,"isKey":false,"isWaterMarkKey":false,"isExternalId":false,"isSfIdLookup":false,"isNullable":true,"isUnique":false,"isCreateable":false,"isUpdateable":true,"isFilterable":true,"isCalculated":false,"showLabel":false,"naturalOrder":7,"linkedFields":["DEPTNO"],"relatedInfos":[],"references":[]},"expression":"DEPTNO"}],"sourceFields":[{"@type":"field","id":104156976,"name":"EMPNO","type":"decimal","uniqueName":"EMPNO","label":"EMPNO","parentObject":"EMPLOYEES_NEW","pcType":"HIPRECDECIMAL","precision":38,"scale":0,"columnIndex":0,"isKey":false,"isWaterMarkKey":false,"isExternalId":false,"isSfIdLookup":false,"isNullable":true,"isUnique":false,"isCreateable":false,"isUpdateable":true,"isFilterable":true,"isCalculated":false,"showLabel":false,"naturalOrder":0,"linkedFields":["EMPNO"],"relatedInfos":[],"references":[]},{"@type":"field","id":104156977,"name":"ENAME","type":"varchar","uniqueName":"ENAME","label":"ENAME","parentObject":"EMPLOYEES_NEW","pcType":"STRING","precision":50,"scale":0,"columnIndex":1,"isKey":false,"isWaterMarkKey":false,"isExternalId":false,"isSfIdLookup":false,"isNullable":true,"isUnique":false,"isCreateable":false,"isUpdateable":true,"isFilterable":true,"isCalculated":false,"showLabel":false,"naturalOrder":1,"linkedFields":["ENAME"],"relatedInfos":[],"references":[]},{"@type":"field","id":104156978,"name":"JOB","type":"varchar","uniqueName":"JOB","label":"JOB","parentObject":"EMPLOYEES_NEW","pcType":"STRING","precision":50,"scale":0,"columnIndex":2,"isKey":false,"isWaterMarkKey":false,"isExternalId":false,"isSfIdLookup":false,"isNullable":true,"isUnique":false,"isCreateable":false,"isUpdateable":true,"isFilterable":true,"isCalculated":false,"showLabel":false,"naturalOrder":2,"linkedFields":["JOB"],"relatedInfos":[],"references":[]},{"@type":"field","id":104156979,"name":"MGR","type":"decimal","uniqueName":"MGR","label":"MGR","parentObject":"EMPLOYEES_NEW","pcType":"HIPRECDECIMAL","precision":38,"scale":0,"columnIndex":3,"isKey":false,"isWaterMarkKey":false,"isExternalId":false,"isSfIdLookup":false,"isNullable":true,"isUnique":false,"isCreateable":false,"isUpdateable":true,"isFilterable":true,"isCalculated":false,"showLabel":false,"naturalOrder":3,"linkedFields":["MGR"],"relatedInfos":[],"references":[]},{"@type":"field","id":104156980,"name":"HIREDATE","type":"varchar","uniqueName":"HIREDATE","label":"HIREDATE","parentObject":"EMPLOYEES_NEW","pcType":"STRING","precision":50,"scale":0,"columnIndex":4,"isKey":false,"isWaterMarkKey":false,"isExternalId":false,"isSfIdLookup":false,"isNullable":true,"isUnique":false,"isCreateable":false,"isUpdateable":true,"isFilterable":true,"isCalculated":false,"showLabel":false,"naturalOrder":4,"linkedFields":["HIREDATE"],"relatedInfos":[],"references":[]},{"@type":"field","id":104156981,"name":"SAL","type":"decimal","uniqueName":"SAL","label":"SAL","parentObject":"EMPLOYEES_NEW","pcType":"HIPRECDECIMAL","precision":38,"scale":0,"columnIndex":5,"isKey":false,"isWaterMarkKey":false,"isExternalId":false,"isSfIdLookup":false,"isNullable":true,"isUnique":false,"isCreateable":false,"isUpdateable":true,"isFilterable":true,"isCalculated":false,"showLabel":false,"naturalOrder":5,"linkedFields":["SAL"],"relatedInfos":[],"references":[]},{"@type":"field","id":104156982,"name":"COMM","type":"decimal","uniqueName":"COMM","label":"COMM","parentObject":"EMPLOYEES_NEW","pcType":"HIPRECDECIMAL","precision":38,"scale":0,"columnIndex":6,"isKey":false,"isWaterMarkKey":false,"isExternalId":false,"isSfIdLookup":false,"isNullable":true,"isUnique":false,"isCreateable":false,"isUpdateable":true,"isFilterable":true,"isCalculated":false,"showLabel":false,"naturalOrder":6,"linkedFields":["COMM"],"relatedInfos":[],"references":[]},{"@type":"field","id":104156983,"name":"DEPTNO","type":"decimal","uniqueName":"DEPTNO","label":"DEPTNO","parentObject":"EMPLOYEES_NEW","pcType":"HIPRECDECIMAL","precision":38,"scale":0,"columnIndex":7,"isKey":false,"isWaterMarkKey":false,"isExternalId":false,"isSfIdLookup":false,"isNullable":true,"isUnique":false,"isCreateable":false,"isUpdateable":true,"isFilterable":true,"isCalculated":false,"showLabel":false,"naturalOrder":7,"linkedFields":["DEPTNO"],"relatedInfos":[],"references":[]}],"sortFields":[],"groupFields":[]}]